{
    "name": "sub_type_of_housing_master",
    "base": "PersistedModel",
    "idInjection": true,
    "options": {
        "validateUpsert": true
    },
    "properties": {
        "id": {
            "type": "number",
            "id": true
        },
        "parent_id": {
            "type": "number"
        },
        "name": {
            "type": "string"
        },
        "created_at": {
            "type": "number"
        },
        "updated_at": {
            "type": "number"
        },
        "status": {
            "type": "number"
        }
    },
    "validations": [],
    "relations": {},
    "acls": [{
            "accessType": "*",
            "principalType": "ROLE",
            "principalId": "$unauthenticated",
            "permission": "DENY"
        },
        {
            "accessType": "*",
            "principalType": "ROLE",
            "principalId": "$authenticated",
            "permission": "ALLOW"
        }
    ],
    "methods": {}
}