{
    "name": "type_of_housing_mapping",
    "base": "PersistedModel",
    "idInjection": true,
    "options": {
        "validateUpsert": true
    },
    "properties": {
        "id": {
            "type": "number",
            "id": true
        },
        "type_of_housing_id": {
            "type": "number"
        },
        "project_id": {
            "type": "number"
        },
        "others": {
            "type": "string"
        },
        "sub_type_of_housing_id": {
            "type": "number"
        }
    },
    "validations": [],
    "relations": {},
    "acls": [{
            "accessType": "*",
            "principalType": "ROLE",
            "principalId": "$unauthenticated",
            "permission": "DENY"
        },
        {
            "accessType": "*",
            "principalType": "ROLE",
            "principalId": "$authenticated",
            "permission": "ALLOW"
        }
    ],
    "methods": {}
}