{
  "name": "app_access",
  "base": "PersistedModel",
  "idInjection": true,
  "options": {
    "validateUpsert": true
  },
  "properties": {
    "id": {
      "type": "number",
      "id": true
    },
    "app_id": {
      "type": "number"
    },
    "contractor_id": {
      "type": "number"
    },
    "access_code": {
      "type": "number"
    },
    "imei_number": {
      "type": "string"
    },
    "created_date": {
      "type": "number"
    },
    "updated_date": {
      "type": "number"
    },
    "status": {
      "type": "boolean"
    }
  },
  "validations": [],
  "relations": {},
  "acls": [
    {
      "accessType": "*",
      "principalType": "ROLE",
      "principalId": "$unauthenticated",
      "permission": "DENY"
    },
    {
      "accessType": "*",
      "principalType": "ROLE",
      "principalId": "$authenticated",
      "permission": "ALLOW"
    },
    {
      "accessType": "EXECUTE",
      "principalType": "ROLE",
      "principalId": "$unauthenticated",
      "permission": "ALLOW",
      "property": "forgot_access_code"
    }
  ],
  "methods": {}
}
