{
  "name": "app_users",
  "base": "PersistedModel",
  "idInjection": true,
  "options": {
    "validateUpsert": true,
    "mssql": {
      "dbo": "schema",
      "table": "User"
    }
  },
  "properties": {
    "id": {
      "type": "number",
      "id": 1
    },
    "realm": {
      "type": "string"
    },
    "username": {
      "type": "string"
    },
    "password": {
      "type": "string",
      "required": true
    },
    "email": {
      "type": "string",
      "required": false
    },
    "emailVerified": {
      "type": "boolean"
    },
    "verificationToken": {
      "type": "string"
    },
    "status": {
      "type": "number"
    },
    "isSuper": {
      "type": "number"
    }
  },
  "validations": [],
  "relations": {},
  "acls": [
    {
      "accessType": "*",
      "principalType": "ROLE",
      "principalId": "$everyone",
      "permission": "DENY"
    },
    {
      "accessType": "*",
      "principalType": "ROLE",
      "principalId": "$authenticated",
      "permission": "ALLOW"
    }
  ],
  "methods": {}
}
