{
  "name": "books",
  "base": "PersistedModel",
  "idInjection": true,
  "options": {
    "validateUpsert": true
  },
  "properties": {
    "id": {
      "type": "number",
      "id": true
    },
    "name": {
      "type": "string"
    },
    "description": {
      "type": "string"
    },
    "logo_image": {
      "type": "string"
    },
    "status": {
      "type": "number"
    },
    "created_at": {
      "type": "date"
    },
    "updated_at": {
      "type": "date"
    },
    "priority": {
      "type": "number"
    }
  },
  "validations": [],
  "relations": {},
  "acls": [],
  "methods": {}
}
