{
  "name": "contractor_profile",
  "base": "PersistedModel",
  "idInjection": true,
  "options": {
    "validateUpsert": true
  },
  "properties": {
    "contractor_id": {
      "type": "number",
      "id": true
    },
    "app_id": {
      "type": "number"
    },
    "contractor_email_id": {
      "type": "string"
    },
    "name_of_contractor": {
      "type": "string"
    },
    "contractor_photo": {
      "type": "string"
    },
    "contractor_cover_photo": {
      "type": "string"
    },
    "company_name": {
      "type": "string"
    },
    "address": {
      "type": "string"
    },
    "city_id": {
      "type": "number"
    },
    "zip": {
      "type": "number"
    },
    "created_date": {
      "type": "number"
    },
    "updated_date": {
      "type": "number"
    },
    "status": {
      "type": "boolean"
    },
    "municipality_id": {
      "type": "number"
    },
    "education_qualification": {
      "type": "string"
    },
    "about_me": {
      "type": "string"
    },
    "credentials": {
      "type": "string"
    }
  },
  "validations": [],
  "relations": {},
  "acls": [
    {
      "accessType": "EXECUTE",
      "principalType": "ROLE",
      "principalId": "$unauthenticated",
      "permission": "ALLOW",
      "property": "contractor_login"
    },
    {
      "accessType": "*",
      "principalType": "ROLE",
      "principalId": "$unauthenticated",
      "permission": "DENY"
    },
    {
      "accessType": "*",
      "principalType": "ROLE",
      "principalId": "$authenticated",
      "permission": "ALLOW"
    }
  ],
  "methods": {}
}
