{
  "name": "type_of_housing_master",
  "base": "PersistedModel",
  "idInjection": true,
  "options": {
    "validateUpsert": true
  },
  "properties": {
    "id": {
      "type": "number",
      "id": true
    },
    "type_of_housing": {
      "type": "string"
    },
    "created_date": {
      "type": "number"
    },
    "updated_date": {
      "type": "number"
    },
    "status": {
      "type": "boolean"
    }
  },
  "validations": [],
  "relations": {},
  "acls": [
    {
      "accessType": "*",
      "principalType": "ROLE",
      "principalId": "$unauthenticated",
      "permission": "DENY"
    },
    {
      "accessType": "*",
      "principalType": "ROLE",
      "principalId": "$authenticated",
      "permission": "ALLOW"
    }
  ],
  "methods": {}
}
